date,Country,StringencyIndex,r_values,R,Total Detected,Total Infected,Total Exposed,corona_days,prediction_ind,Currently Infected,Critical_condition,Recovery_Critical,Mortality_Critical,Doubling Time,temp_cr,New Detected,New Infected,New Exposed,serious_critical,new_cases,activecases
2020-03-12,israel,38.1,0.17999997820000013,0.17999997820000013,109.0,288.9753566796368,8761.779507133593,1,0,105.0,2.0,,,54.25728957453974,,12.0,,,2.0,12.0,105.0
2020-03-13,israel,52.38,0.4919265624942515,0.4919265624942515,126.0,439.32382187635096,9505.0635538262,2,0,122.0,2.0,,,20.071223568559564,,17.0,150.3484651967142,743.2840466926064,2.0,17.0,122.0
2020-03-14,israel,52.38,1.5554186016728861,1.5554186016728861,193.0,1326.6683960224814,14146.104626026805,3,0,189.0,3.0,,,6.579363268804619,,50.0,887.3445741461304,4641.041072200605,3.0,50.0,189.0
2020-03-15,israel,66.67,1.7626724762467,1.7626724762467,213.0,603.2044963251188,15685.6878512754,4,0,209.0,2.0,,,5.845036524758276,,20.0,-723.4638996973625,1539.5832252485943,2.0,20.0,209.0
2020-03-16,israel,76.19,2.5607945288376763,2.5607945288376763,298.0,1753.9524427150884,13410.180717682664,5,0,294.0,4.0,,,4.12634773140148,,85.0,1150.7479463899695,-2275.507133592735,4.0,85.0,294.0
2020-03-17,israel,85.71,2.8225394876908814,2.8225394876908814,337.0,1071.782101167315,17725.62905317769,6,0,326.0,5.0,,,3.7740309472768563,,39.0,-682.1703415477734,4315.448335495026,5.0,39.0,326.0
2020-03-19,israel,90.48,3.392272417751021,3.392272417751021,433.0,2109.5149156939037,19837.471681798528,7,0,422.0,6.0,,,3.1946879686178877,,96.0,1037.7328145265888,2111.842628620838,6.0,96.0,422.0
2020-03-20,israel,95.24,4.339293217548663,4.339293217548663,677.0,4796.961521833116,21352.238651102463,8,0,663.0,6.0,,,2.5673201900421536,,244.0,2687.4466061392127,1514.7669693039352,6.0,244.0,663.0
2020-03-21,israel,95.24,4.110084503147,4.110084503147,705.0,1386.8862948551664,19017.288370082144,9,0,689.0,10.0,,,2.692758049802245,,28.0,-3410.07522697795,-2334.9502810203194,10.0,28.0,689.0
2020-03-22,israel,95.24,3.5515569994223166,3.5515569994223166,883.0,4018.253350626891,17219.17509727626,10,0,846.0,15.0,,,3.0658652971715434,,178.0,2631.3670557717246,-1798.1132728058838,15.0,178.0,846.0
2020-03-23,israel,95.24,3.770124186653915,3.770124186653915,1071.0,4428.522265456117,20480.97016861219,11,0,1033.0,18.0,,,2.906749134597621,,188.0,410.26891482922565,3261.7950713359314,18.0,188.0,1033.0
2020-03-24,israel,95.24,3.664812589064983,3.664812589064983,1442.0,7843.910073497622,19437.146562905316,12,0,1400.0,29.0,,,2.9810558415969783,,371.0,3415.387808041505,-1043.8236057068752,29.0,371.0,1400.0
2020-03-25,israel,100.0,4.079905353736855,4.079905353736855,1930.0,10361.923043666233,17820.98400345871,13,0,1874.0,34.0,,,2.7103187110486897,,488.0,2518.012970168611,-1616.1625594466059,34.0,488.0,1874.0
2020-03-26,israel,100.0,3.965094702197481,3.965094702197481,2369.0,10165.205361003025,15028.461738002592,14,0,2306.0,37.0,,,2.7795558187709033,,439.0,-196.7176826632076,-2792.5222654561185,37.0,439.0,2306.0
2020-03-27,israel,100.0,3.111607059584586,3.111607059584586,2693.0,8761.779507133593,22292.233463035016,15,0,2617.0,46.0,,,3.4536536573564085,,324.0,-1403.425853869432,7263.771725032424,46.0,324.0,2617.0
2020-03-28,israel,100.0,3.2972001015006676,3.2972001015006676,3035.0,9505.0635538262,20899.832252485947,16,0,2944.0,49.0,,,3.2774882064933304,,342.0,743.2840466926064,-1392.4012105490692,49.0,342.0,2944.0
2020-03-29,israel,100.0,3.2309148113297352,3.2309148113297352,3619.0,14146.104626026805,19670.67531344574,17,0,3518.0,50.0,2.0,3.0,3.3380904354101206,,584.0,4641.041072200605,-1229.1569390402074,50.0,584.0,3518.0
2020-03-30,israel,100.0,3.1651937773098187,3.1651937773098187,4247.0,15685.6878512754,21276.010376134887,18,0,4100.0,74.0,3.0,4.0,3.400674432080592,,628.0,1539.5832252485943,1605.335062689148,74.0,628.0,4100.0
2020-03-31,israel,100.0,2.7285101843933104,2.7285101843933104,4695.0,13410.180717682664,25327.037706786643,19,0,4518.0,79.0,4.0,6.0,3.89283583958684,,448.0,-2275.507133592735,4051.0273306517556,79.0,448.0,4518.0
2020-04-01,israel,100.0,2.35321885262081,2.35321885262081,5358.0,17725.62905317769,25857.835400807147,20,0,5114.0,94.0,4.0,6.0,4.461341896789769,,663.0,4315.448335495026,530.7976940205044,94.0,663.0,5114.0
2020-04-02,israel,100.0,2.2137659773687637,2.2137659773687637,6092.0,19837.471681798528,26052.11775498122,21,0,5825.0,95.0,6.0,9.0,4.721604787756676,,734.0,2111.842628620838,194.28235417407268,95.0,734.0,5825.0
2020-04-03,israel,100.0,2.285308081382101,2.285308081382101,6857.0,21352.238651102463,26096.42682115565,22,0,6483.0,107.0,7.0,10.0,4.58412402019745,,765.0,1514.7669693039352,44.30906617442815,107.0,765.0,6483.0
2020-04-04,israel,100.0,2.192425489971733,2.192425489971733,7428.0,19017.288370082144,26043.059827412362,23,0,6985.0,113.0,9.0,13.0,4.764348684168524,,571.0,-2334.9502810203194,-53.366993743286,113.0,571.0,6985.0
2020-04-05,israel,100.0,1.9195393481369902,1.9195393481369902,7851.0,17219.17509727626,26162.562016913493,24,0,7380.0,115.0,14.0,20.0,5.394564863360469,,423.0,-1798.1132728058838,119.50218950113049,115.0,423.0,7380.0
2020-04-06,israel,100.0,1.759622016423529,1.759622016423529,8430.0,20480.97016861219,26406.710204305382,25,0,7904.0,139.0,14.0,21.0,5.854591638492131,,579.0,3261.7950713359314,244.14818739188922,139.0,579.0,7904.0
2020-04-07,israel,100.0,1.7131985914890042,1.7131985914890042,8904.0,19437.146562905316,26450.612198049814,26,0,8262.0,140.0,18.0,26.0,6.004200795880996,,474.0,-1043.8236057068752,43.90199374443182,140.0,474.0,8262.0
2020-04-08,israel,100.0,1.6093708309151342,1.6093708309151342,9248.0,17820.98400345871,26564.20699311483,27,0,8413.0,149.0,21.0,32.0,6.370012613926717,,344.0,-1616.1625594466059,113.5947950650152,149.0,344.0,8413.0
2020-04-09,israel,,1.428990541053158,1.428990541053158,9404.0,15028.461738002592,26773.439183493057,28,0,8530.0,147.0,29.0,43.0,7.131810585116288,,156.0,-2792.5222654561185,209.23219037822855,147.0,156.0,8530.0
2020-04-10,israel,,1.2795100153114607,1.2795100153114607,9968.0,22292.233463035016,27132.43425937632,29,0,8871.0,166.0,39.0,58.0,7.925723136310392,,564.0,7263.771725032424,358.9950758832638,166.0,564.0,8871.0
2020-04-11,israel,,1.2665583207182705,1.2665583207182705,10408.0,20899.832252485947,27113.77360842532,30,0,9130.0,124.0,47.0,71.0,8.003327352129796,,440.0,-1392.4012105490692,-18.660650951002026,124.0,440.0,9130.0
2020-04-12,israel,,1.287858051146216,1.287858051146216,10743.0,19670.67531344574,27171.267051928182,31,0,9301.0,175.0,54.0,81.0,7.876529986424105,,335.0,-1229.1569390402074,57.49344350286265,175.0,335.0,9301.0
2020-04-13,israel,,1.2913332888359217,1.2913332888359217,11145.0,21276.010376134887,27290.01911227162,32,1,9415.0,183.0,,,7.856238556765852,,402.0,1605.335062689148,118.75206034343864,183.0,402.0,9415.0
2020-04-14,israel,,,1.228412637797786,11750.256455394938,25327.037706786643,27338.97936710633,33,1,8131.256455394938,350.0,70.0,105.0,8.241390970237848,,605.2564553949378,4051.0273306517556,48.96025483471021,,,
2020-04-15,israel,,,1.1693386176574225,12339.541014735662,25857.835400807147,27222.005934537752,34,1,8092.5410147356615,359.0,82.0,124.0,8.640700447733268,,589.2845593407237,530.7976940205044,-116.97343256857857,,,
2020-04-16,israel,,,1.1131054506214364,12894.626111681331,26052.11775498122,27095.854966330986,35,1,8199.626111681331,386.0,90.0,135.0,9.060161398959403,,555.0850969456696,194.28235417407268,-126.15096820676627,,,
2020-04-17,israel,,,1.0595765208586807,13409.476319404026,26096.42682115565,26974.443036433808,36,1,8051.476319404026,401.0,103.0,154.0,9.50079277143742,,514.8502077226949,44.30906617442815,-121.4119298971782,,,
2020-04-18,israel,,,1.0086217823551147,13881.545629698096,26043.059827412362,26862.94136950165,37,1,7789.545629698096,409.0,116.0,174.0,9.963664954900274,,472.0693102940695,-53.366993743286,-111.50166693215942,,,
2020-04-19,israel,,,0.9601174429731361,14324.128610276395,26162.562016913493,26763.905845420486,38,1,7467.128610276395,398.0,130.0,196.0,10.449902380965948,,442.5829805782996,119.50218950113049,-99.0355240811623,,,
2020-04-20,israel,,,0.9139456637044129,14746.706311988044,26406.710204305382,26670.563646503026,39,1,7318.706311988044,402.0,140.0,210.0,10.960686254162738,,422.57770171164884,244.14818739188922,-93.34219891746034,,,
2020-04-21,israel,,,0.869994272385562,15139.241905685996,26450.612198049814,26578.61260192514,40,1,7288.241905685996,402.0,143.0,215.0,11.49725742093632,,392.5355936979522,43.90199374443182,-91.95104457788693,,,
2020-04-22,israel,,,0.8281564911811605,15508.081624134471,26564.20699311483,26494.039679348156,41,1,7078.081624134471,402.0,154.0,232.0,12.060919383606427,,368.83971844847474,113.5947950650152,-84.57292257698282,,,
2020-04-23,israel,,,0.788330677172023,15860.58265169919,26773.439183493057,26414.253993321683,42,1,6956.582651699189,406.0,160.0,241.0,12.653041466591027,,352.50102756471824,209.23219037822855,-79.78568602647283,,,
2020-04-24,israel,,,0.7504200754185164,16206.664740301618,27132.43425937632,26336.33290439607,43,1,6958.664740301618,407.0,164.0,245.0,13.275062142587085,,346.0820886024285,358.9950758832638,-77.92108892561373,,,
2020-04-25,israel,,,0.7143325838989901,16524.984847731557,27113.77360842532,26256.41579658073,44,1,7120.984847731557,405.0,159.0,239.0,13.9284925267857,,318.3201074299395,-18.660650951002026,-79.91710781533766,,,
2020-04-26,israel,,,0.6799805297522521,16822.0870332492,27171.267051928182,26184.123782872768,45,1,6854.087033249201,410.0,161.0,241.0,14.614920047607939,,297.1021855176441,57.49344350286265,-72.29201370796363,,,
2020-04-27,israel,,,0.6472804562804811,17103.149478152794,27290.01911227162,26116.99823203814,46,1,6695.1494781527945,403.0,161.0,241.0,15.336012302875217,,281.06244490359313,118.75206034343864,-67.1255508346294,,,
2020-04-28,israel,,,0.6161529201951098,17365.373135290138,27338.97936710633,26053.259830324303,47,1,6622.373135290138,389.0,161.0,242.0,16.093521110782255,,262.22365713734325,48.96025483471021,-63.73840171383563,,,
2020-04-29,israel,,,0.5865222986130959,17600.615359723914,27222.005934537752,25994.14507962049,48,1,6455.615359723914,373.0,162.0,243.0,16.88928676550866,,235.24222443377585,-116.97343256857857,-59.114750703811296,,,
2020-04-30,israel,,,0.5583166053346896,17810.42572891729,27095.854966330986,25942.585270232295,49,1,6060.169273522351,366.0,163.0,244.0,17.72524250780907,,209.81036919337566,-126.15096820676627,-51.5598093881963,,,
2020-05-01,israel,,,0.5314673159563512,17997.03907379955,26974.443036433808,25897.996828608397,50,1,5657.49805906389,364.0,162.0,243.0,18.603419221437733,,186.61334488226203,-121.4119298971782,-44.58844162389869,,,
2020-05-02,israel,,,0.5059092013939394,18162.81694590104,26862.94136950165,25859.58048742023,51,1,5268.1908342197075,354.0,164.0,246.0,19.525950366816982,,165.77787210148745,-111.50166693215942,-38.41634118816728,,,
2020-05-03,israel,,,0.48158016941172327,18310.08661488351,26763.905845420486,25826.52601836888,52,1,4900.610295479482,348.0,161.0,242.0,20.495077163933615,,147.26966898246974,-99.0355240811623,-33.05446905134886,,,
2020-05-04,israel,,,0.45842111377222006,18440.604279735027,26670.563646503026,25798.068530095323,53,1,4559.058650036932,348.0,156.0,234.0,21.51315403705241,,130.51766485151893,-93.34219891746034,-28.45748827355783,,,
2020-05-05,israel,,,0.43637577064037425,18555.741963473778,26578.61260192514,25773.63590730541,54,1,4231.613353197383,356.0,149.0,224.0,22.582654334473528,,115.13768373875064,-91.95104457788693,-24.432622789914603,,,
2020-05-06,israel,,,0.4153905818932201,18657.112102548257,26494.039679348156,25752.780520915432,55,1,3910.405790560213,343.0,146.0,220.0,23.70617633722713,,101.37013907447908,-84.57292257698282,-20.855386389976047,,,
2020-05-07,israel,,,0.39541456500294386,18746.052996605613,26414.253993321683,25735.013813578502,56,1,3606.8110909196166,335.0,146.0,219.0,24.886449571303014,,88.94089405735576,-79.78568602647283,-17.766707336930267,,,
2020-05-08,israel,,,0.37639918917723364,18823.630760764023,26336.33290439607,25719.937151429956,57,1,3315.549136629552,331.0,142.0,212.0,26.126341438747918,,77.57776415840999,-77.92108892561373,-15.076662148545438,,,
2020-05-09,israel,,,0.3582982574560048,18890.606072546398,26256.41579658073,25707.233031647265,58,1,3030.0234208472084,323.0,139.0,209.0,27.428864183740643,,66.97531178237477,-79.91710781533766,-12.704119782691123,,,
2020-05-10,israel,,,0.3410677944780608,18948.23730209769,26184.123782872768,25696.664002024605,59,1,2741.5725617960707,303.0,139.0,209.0,28.79718221056546,,57.631229551290744,-72.29201370796363,-10.56902962266031,,,
2020-05-11,israel,,,0.32466593964502466,18997.543628873562,26116.99823203814,25687.90219665085,60,1,2472.5587811420046,283.0,142.0,214.0,30.23461977126461,,49.30632677587346,-67.1255508346294,-8.761805373753305,,,
2020-05-12,israel,,,0.3090528454229857,19039.362764775913,26053.259830324303,25680.686538795002,61,1,2217.2757315267118,263.0,137.0,206.0,31.744669041641124,,41.81913590235126,-63.73840171383563,-7.215657855849713,,,
2020-05-13,israel,,,0.29419058053479313,19074.539334840745,25994.14507962049,25674.80537551351,62,1,1971.3898566879507,245.0,134.0,201.0,33.33099860523768,,35.17657006483205,-59.114750703811296,-5.881163281490444,,,
2020-05-14,israel,,,0.28004303780780404,19104.022345375706,25942.585270232295,25670.058850551683,63,1,1738.6492100855685,228.0,132.0,199.0,34.99746236589513,,29.483010534961068,-51.5598093881963,-4.746524961828982,,,
2020-05-15,israel,,,0.2665758464532081,19128.65388916152,25897.996828608397,25666.24309519632,64,1,1528.0385294376065,212.0,129.0,194.0,36.748108910547586,,24.631543785813847,-44.58844162389869,-3.815755355361034,,,
2020-05-16,israel,,,0.2537562885638146,19149.16491599224,25859.58048742023,25663.186059369706,65,1,1338.7391870749525,196.0,121.0,182.0,38.587191345000015,,20.511026830721676,-38.41634118816728,-3.057035826615902,,,
2020-05-17,israel,,,0.24155321962743792,19166.18316798142,25826.52601836888,25660.745282373864,66,1,1169.1440941818691,180.0,113.0,170.0,40.519177626576045,,17.01825198917868,-33.05446905134886,-2.4407769958415884,,,
2020-05-18,israel,,,0.2299369928627717,19180.243758482815,25798.068530095323,25658.803906170317,67,1,1017.4268125817762,166.0,105.0,158.0,42.54876141875154,,14.060590501394472,-28.45748827355783,-1.9413762035474065,,,
2020-05-19,israel,,,0.21887938719392966,19191.807461043725,25773.63590730541,25657.266689136613,68,1,881.7208461602168,152.0,98.0,147.0,44.680873494127255,,11.563702560910315,-24.432622789914603,-1.5372170337032003,,,
2020-05-20,israel,,,0.20835353868867104,19201.27363941919,25752.780520915432,25656.055443413006,69,1,760.6693596841615,137.0,91.0,137.0,46.9206937134611,,9.466178375463642,-20.855386389976047,-1.211245723607135,,,
2020-05-21,israel,,,0.19833387529374213,19208.982615590146,25735.013813578502,25655.1057292371,70,1,653.2406521163684,124.0,85.0,127.0,49.27366360984559,,7.708976170957612,-17.766707336930267,-0.9497141759056831,,,
2020-05-22,israel,,,0.18879605470877717,19215.225421709583,25719.937151429956,25654.365200794302,71,1,558.1133191613262,111.0,78.0,117.0,51.74549960861352,,6.242806119436864,-15.076662148545438,-0.7405284427986771,,,
2020-05-23,israel,,,0.1797169052478259,19220.252291750778,25707.233031647265,25653.791260563743,72,1,474.1992951451648,99.0,72.0,108.0,54.342206915086365,,5.026870041194343,-12.704119782691123,-0.5739402305589465,,,
2020-05-24,israel,,,0.17107436954483396,19224.280435973866,25696.664002024605,25653.34914330433,73,1,400.6496752098428,87.0,66.0,99.0,57.070094103900296,,4.02814422308802,-10.56902962266031,-0.4421172594120435,,,
2020-05-25,israel,,,0.16284745096631062,19227.491358881616,25687.90219665085,25653.010317510627,74,1,336.88528633521855,76.0,61.0,91.0,59.93578844535851,,3.2109229077505006,-8.761805373753305,-0.338825793704018,,,
2020-05-26,israel,,,0.15501616260099646,19230.037474217665,25680.686538795002,25652.75210142997,75,1,281.8001721199762,67.0,55.0,82.0,62.94625200604756,,2.5461153360483877,-7.215657855849713,-0.2582160806559841,,,
2020-05-27,israel,,,0.14756147870260386,19232.04720579455,25674.80537551351,25652.556414523937,76,1,234.50357692098987,58.0,49.0,74.0,66.10879856281649,,2.009731576887134,-5.881163281490444,-0.19568690603409777,,,
2020-05-28,israel,,,0.14046528846766232,19233.627519260943,25670.058850551683,25652.408827997893,77,1,194.2647544850297,51.0,44.0,67.0,69.43111137123213,,1.5803134663910896,-4.746524961828982,-0.14758652604359668,,,
2020-05-29,israel,,,0.13371035203617423,19234.86534450565,25666.24309519632,25652.297953582136,78,1,160.32600966490645,44.0,39.0,59.0,72.92126183166758,,1.2378252447088016,-3.815755355361034,-0.11087441575728008,,,
2020-05-30,israel,,,0.12728025860818698,19235.83096032732,25663.186059369706,25652.214990260218,79,1,131.80861495161298,38.0,35.0,52.0,76.58772909836259,,0.9656158216675976,-3.057035826615902,-0.0829633219182142,,,
2020-05-31,israel,,,0.12115938657452718,19236.58098923935,25660.745282373864,25652.153170634585,80,1,107.92710007783171,33.0,31.0,46.0,80.43942067911726,,0.750028912032576,-2.4407769958415884,-0.06181962563277921,,,
2020-06-01,israel,,,0.11533286556483704,19237.160930843296,25658.803906170317,25652.107309461775,81,1,87.9960148510545,28.0,27.0,40.0,84.48569407564167,,0.5799416039444623,-1.9413762035474065,-0.045861172809964046,,,
2020-06-02,israel,,,0.10978654032070963,19237.607269374603,25657.266689136613,25652.07344540483,82,1,71.42410139318235,24.0,23.0,35.0,88.73637951715378,,0.44633853130653733,-1.5372170337032003,-0.03386405694618588,,,
2020-06-03,israel,,,0.1045069363061553,19237.949154921178,25656.055443413006,25652.048559967843,83,1,57.705396438363096,20.0,20.0,31.0,93.20180384244051,,0.3418855465752131,-1.211245723607135,-0.024885436985641718,,,
2020-06-04,israel,,,0.09948122697185117,19238.20976386989,25655.1057292371,25652.030361948237,84,1,46.402302826165396,17.0,18.0,26.0,97.89281558842316,,0.26060894871261553,-0.9497141759056831,-0.018198019606643356,,,
2020-06-05,israel,,,0.09469720259364335,19238.407458811453,25654.365200794302,25652.017120771838,85,1,37.13381939226383,14.0,15.0,23.0,102.8208113461432,,0.19769494156207656,-0.7405284427986771,-0.013241176398878451,,,
2020-06-06,israel,,,0.0901432406095972,19238.556723379188,25653.791260563743,25652.007534317432,86,1,29.57410778904159,12.0,13.0,20.0,107.99776344823927,,0.1492645677353721,-0.5739402305589465,-0.009586454405507538,,,
2020-06-07,israel,,,0.0858082773835305,19238.668914218226,25653.34914330433,25652.000627438465,87,1,23.44349250864252,10.0,11.0,17.0,113.43624905515556,,0.11219083903779392,-0.4421172594120435,-0.00690687896712916,,,
2020-06-08,israel,,,0.08168178132643035,19238.752862542053,25653.010317510627,25651.995674159603,88,1,18.500570791275095,8.0,9.0,14.0,119.14948071075884,,0.08394832382691675,-0.338825793704018,-0.004953278861648869,,,
2020-06-09,israel,,,0.07775372731045349,19238.81540710525,25652.75210142997,25651.992138205012,89,1,14.534971131382918,7.0,8.0,12.0,125.15133844157317,,0.06254456319584278,-0.2582160806559841,-0.003535954590915935,,,
2020-06-10,israel,,,0.07401457231335051,19238.86181388728,25652.556414523937,25651.98962515674,90,1,11.370455005664553,5.0,7.0,10.0,131.45640347764507,,0.04640678203213611,-0.19568690603409777,-0.002513048271794105,,,
2020-06-11,israel,,,0.07045523223414253,19238.89610851555,25652.408827997893,25651.987846551816,91,1,8.858634297885146,4.0,6.0,8.0,138.0799936769598,,0.03429462826898089,-0.14758652604359668,-0.001778604924766114,,,
2020-06-12,israel,,,0.06706705982372578,19238.921347714888,25652.297953582136,25651.98659286378,92,1,6.874141920336115,4.0,5.0,7.0,145.03820073943658,,0.02523919933810248,-0.11087441575728008,-0.0012536880349216517,,,
2020-06-13,israel,,,0.06384182367678708,19238.939843617867,25652.214990260218,25651.985712865386,93,1,5.312324356924364,3.0,4.0,6.0,152.34792930096117,,0.018495902979339007,-0.0829633219182142,-0.0008799983952485491,,,
2020-06-14,israel,,,0.06077168823399227,19238.953338766874,25652.153170634585,25651.985097830293,94,1,4.087994261222775,2.0,3.0,5.0,160.026938002394,,0.013495149007212603,-0.06181962563277921,-0.0006150350927782711,,,
2020-06-15,israel,,,0.05784919474586379,19238.963141517575,25652.107309461775,25651.984669880945,95,1,3.132181190256233,2.0,3.0,4.0,168.09388263332875,,0.00980275070105563,-0.045861172809964046,-0.0004279493477952201,,,
2020-06-16,israel,,,0.05506724315210013,19238.970230287105,25652.07344540483,25651.984373450206,96,1,2.3892410477528756,1.0,2.0,3.0,176.56836145550454,,0.007088769529218553,-0.03386405694618588,-0.0002964307386719156,,,
2020-06-17,israel,,,0.052419074832313645,19238.97533351211,25652.048559967843,25651.984169052674,97,1,1.8144026688132726,1.0,2.0,3.0,185.4709628157913,,0.005103225004859269,-0.024885436985641718,-0.0002043975327978842,,,
2020-06-18,israel,,,0.04989825618628058,19238.978990977983,25652.030361948237,25651.98402875585,98,1,1.3717216033801378,1.0,1.0,2.0,194.82331516463006,,0.0036574658734025434,-0.018198019606643356,-0.00014029682279215194,,,
2020-06-19,israel,,,0.04749866300381238,19238.981600782212,25652.017120771838,25651.983932892996,99,1,1.0324458610339207,1.0,1.0,2.0,204.64813960137414,,0.0026098042289959267,-0.013241176398878451,-9.586285523255356e-05,,,
2020-06-20,israel,,,0.04521446558627535,19238.98345503381,25652.007534317432,25651.983867682677,100,1,0.7736911639185564,1.0,1.0,1.0,214.96930507405733,,0.0018542515972512774,-0.009586454405507538,-6.521031900774688e-05,,,
2020-06-21,israel,,,0.04304011458361244,19238.98476693233,25652.000627438465,25651.983823516544,101,1,0.5773081208790245,0.0,1.0,1.0,225.81188636791546,,0.0013118985225446522,-0.00690687896712916,-4.416613228386268e-05,,,
2020-06-22,israel,,,0.04097032751245858,19238.985691260128,25651.995674159603,25651.983793730662,102,1,0.4289678809400357,0.0,1.0,1.0,237.20222502339266,,0.0009243277963832952,-0.004953278861648869,-2.9785882361466065e-05,,,
2020-06-23,israel,,,0.03900007592259609,19238.986339855677,25651.992138205012,25651.983773727057,103,1,0.31742563745137886,0.0,0.0,1.0,249.16799333168154,,0.0006485955491370987,-0.003535954590915935,-2.000360473175533e-05,,,
2020-06-24,israel,,,0.03712457318057171,19238.986793127493,25651.98962515674,25651.983760348467,104,1,0.23393058544024825,0.0,0.0,1.0,261.7382615632013,,0.0004532718157861382,-0.002513048271794105,-1.3378590665524825e-05,,,
2020-06-25,israel,,,0.03533926284079605,19238.987108604222,25651.987846551816,25651.9837514373,105,1,0.17170149897356168,0.0,0.0,0.0,274.9435685925051,,0.0003154767291562166,-0.001778604924766114,-8.91116724233143e-06,,,
2020-06-26,israel,,,0.033639807575873544,19238.987327263185,25651.98659286378,25651.983745526144,106,1,0.12551337590412004,0.0,0.0,0.0,288.815996090986,,0.0002186589626944624,-0.0012536880349216517,-5.911155312787741e-06,,,
2020-06-27,israel,,,0.03202207863926989,19238.987478177634,25651.985712865386,25651.98374162142,107,1,0.09136966208461672,0.0,0.0,0.0,303.3892464678853,,0.00015091444947756827,-0.0008799983952485491,-3.9047226891852915e-06,,,
2020-06-28,israel,,,0.030482145834716694,19238.987581892176,25651.985097830293,25651.983739053077,108,1,0.0662341772876971,0.0,0.0,0.0,318.69872474858664,,0.00010371454118285328,-0.0006150350927782711,-2.5683439162094146e-06,,,
2020-06-29,israel,,,0.029016267967984774,19238.987652864154,25651.984669880945,25651.98373737099,109,1,0.0478092462872155,0.0,0.0,0.0,334.7816245894661,,7.09719788574148e-05,-0.0004279493477952201,-1.6820886230561882e-06,,,
2020-06-30,israel,,,0.02762088375782893,19238.987701223086,25651.984373450206,25651.983736274044,110,1,0.034362456211965764,0.0,0.0,0.0,351.67701863818786,,4.8358931962866336e-05,-0.0002964307386719156,-1.0969451977871358e-06,,,
2020-07-01,israel,,,0.026292603184022902,19238.987734034257,25651.984169052674,25651.98373556188,111,1,0.024592516681877896,0.0,0.0,0.0,369.42595345894864,,3.281117096776143e-05,-0.0002043975327978842,-7.121634553186595e-07,,,
2020-07-02,israel,,,0.025028199251464833,19238.987756203023,25651.98402875585,25651.98373510143,112,1,0.017525915918668034,0.0,0.0,0.0,388.07154925292184,,2.216876600869e-05,-0.00014029682279215194,-4.604517016559839e-07,,,
2020-07-03,israel,,,0.023824600150344665,19238.987771119308,25651.983932892996,25651.983734804984,113,1,0.012437607198080514,0.0,0.0,0.0,407.6591046169408,,1.4916284271748737e-05,-9.586285523255356e-05,-2.964443410746753e-07,,,
2020-07-04,israel,,,0.022678881793326878,19238.98778111476,25651.983867682677,25651.983734614947,114,1,0.00879013677695184,0.0,0.0,0.0,428.236206594246,,9.995452273869887e-06,-6.521031900774688e-05,-1.900370989460498e-07,,,
2020-07-05,israel,,,0.02158826071161797,19238.987787785656,25651.983823516544,25651.98373449356,115,1,0.006187003444210859,0.0,0.0,0.0,449.852846285127,,6.670896254945546e-06,-4.416613228386268e-05,-1.2138843885622919e-07,,,
2020-07-06,israel,,,0.02055008729266014,19238.987792219858,25651.983793730662,25651.9837344164,116,1,0.004337186048360309,0.0,0.0,0.0,472.56154029751036,,4.434201400727034e-06,-2.9785882361466065e-05,-7.715789251960814e-08,,,
2020-07-07,israel,,,0.01956183934302233,19238.987795155474,25651.983773727057,25651.983734367535,117,1,0.0030282231418823358,0.0,0.0,0.0,496.4174583341479,,2.9356160666793585e-06,-2.000360473175533e-05,-4.886533133685589e-08,,,
2020-07-08,israel,,,0.01862111596085009,19238.987797091137,25651.983760348467,25651.98373433677,118,1,0.0021058310085209087,0.0,0.0,0.0,521.4785572244322,,1.935663021868095e-06,-1.3378590665524825e-05,-3.0766386771574616e-08,,,
2020-07-09,israel,,,0.017725631702987563,19238.987798362272,25651.9837514373,25651.983734317357,119,1,0.0014585065946448594,0.0,0.0,0.0,547.8057217277775,,1.2711352610494941e-06,-8.91116724233143e-06,-1.941225491464138e-08,,,
2020-07-10,israel,,,0.01687321103260097,19238.98779919359,25651.983745526144,25651.983734305253,120,1,0.0010060660970339086,0.0,0.0,0.0,575.4629124506371,,8.313181751873344e-07,-5.911155312787741e-06,-1.2103555491194129e-08,,,
2020-07-11,israel,,,0.016061783033814333,19238.987799735023,25651.98374162142,25651.98373429771,121,1,0.0006911308009875938,0.0,0.0,0.0,604.5173212353338,,5.414331099018455e-07,-3.9047226891852915e-06,-7.541530067101121e-09,,,
2020-07-12,israel,,,0.01528937638051687,19238.987800086197,25651.983739053077,25651.983734293026,122,1,0.00047282301238738,0.0,0.0,0.0,635.0395343996619,,3.5117409424856305e-07,-2.5683439162094146e-06,-4.685716703534126e-09,,,
2020-07-13,israel,,,0.01455411454711905,19238.98780031303,25651.98373737099,25651.98373429015,123,1,0.0003221353945264127,0.0,0.0,0.0,667.1037042232716,,2.268316166009754e-07,-1.6820886230561882e-06,-2.877641236409545e-09,,,
2020-07-14,israel,,,0.013854211249622043,19238.98780045894,25651.983736274044,25651.983734288384,124,1,0.00021856676539755426,0.0,0.0,0.0,700.7877290965313,,1.4591205399483442e-07,-1.0969451977871358e-06,-1.7644197214394808e-09,,,
2020-07-15,israel,,,0.01318796610592486,19238.987800552422,25651.98373556188,25651.983734287267,125,1,0.0001476882680435665,0.0,0.0,0.0,736.1734427718122,,9.348150342702866e-08,-7.121634553186595e-07,-1.1168594937771559e-09,,,
2020-07-16,israel,,,0.012553760504826119,19238.98780061207,25651.98373510143,25651.98373428661,126,1,9.938898438122123e-05,0.0,0.0,0.0,773.3468131738377,,5.964830052107573e-08,-4.604517016559839e-07,-6.584741640836e-10,,,
2020-07-17,israel,,,0.011950053673684354,19238.98780064998,25651.983734804984,25651.983734286205,127,1,6.66157211526297e-05,0.0,0.0,0.0,812.3981512556289,,3.790773916989565e-08,-2.964443410746753e-07,-4.0381564758718014e-10,,,
2020-07-18,israel,,,0.011375378935183445,19238.987800673975,25651.983734614947,25651.983734285946,128,1,4.447095125215128e-05,0.0,0.0,0.0,853.4223304035809,,2.399610821157694e-08,-1.900370989460498e-07,-2.582964953035116e-10,,,
2020-07-19,israel,,,0.010828340144109145,19238.9878006891,25651.98373449356,25651.983734308313,129,1,2.956979369628243e-05,0.0,0.0,0.0,896.5190169295754,,1.5126715879887342e-08,-1.2138843885622919e-07,2.236629370599985e-08,,,
2020-07-20,israel,,,0.010307608295480029,19238.9878006986,25651.9837344164,25651.983734301513,130,1,1.958384018507786e-05,0.0,0.0,0.0,941.7929122036903,,9.498762665316463e-09,-7.715789251960814e-08,-6.7993823904544115e-09,,,
2020-07-21,israel,,,0.00981191829579248,19238.98780070454,25651.983734367535,25651.983734297453,131,1,1.2918884749524295e-05,0.0,0.0,0.0,989.3540070222032,,5.940819391980767e-09,-4.886533133685589e-08,-4.059984348714352e-09,,,
2020-07-22,israel,,,0.009340065889535601,19238.987800708244,25651.98373433677,25651.983734295067,132,1,8.488386811222881e-06,0.0,0.0,0.0,1039.317848825415,,3.7034624256193638e-09,-3.0766386771574616e-08,-2.3865140974521637e-09,,,
2020-07-23,israel,,,0.008890904733509156,19238.98780071054,25651.983734317357,25651.983734293703,133,1,5.5550663091707975e-06,0.0,0.0,0.0,1091.8058224141844,,2.295564627274871e-09,-1.941225491464138e-08,-1.3642420526593924e-09,,,
2020-07-24,israel,,,0.008463343611836757,19238.98780071196,25651.983734305253,25651.983734292895,134,1,3.6208220990374684e-06,0.0,0.0,0.0,1146.945444848343,,1.418811734765768e-09,-1.2103555491194129e-08,-8.076312951743603e-10,,,
2020-07-25,israel,,,0.008056343784908274,19238.98780071283,25651.98373429771,25651.983734292495,135,1,2.3505599529016763e-06,0.0,0.0,0.0,1204.8706752435332,,8.731149137020111e-10,-7.541530067101121e-09,-4.001776687800884e-10,,,
2020-07-26,israel,,,0.007668916465810872,19238.987800713367,25651.983734293026,25651.98373429224,136,1,1.5197765605989844e-06,0.0,0.0,0.0,1265.7222402200298,,5.347828846424818e-10,-4.685716703534126e-09,-2.546585164964199e-10,,,
2020-07-27,israel,,,0.007300120418117774,19238.987800713694,25651.98373429015,25651.98373429214,137,1,9.786708687897772e-07,0.0,0.0,0.0,1329.6479757887494,,3.2741809263825417e-10,-2.877641236409545e-09,-1.0186340659856796e-10,,,
2020-07-28,israel,,,0.006949059669198682,19238.987800713894,25651.983734288384,25651.98373429208,138,1,6.276968633756042e-07,0.0,0.0,0.0,1396.8031865139776,,2.000888343900442e-10,-1.7644197214394808e-09,-5.820766091346741e-11,,,
2020-07-29,israel,,,0.006614881333496469,19238.987800714014,25651.983734287267,25651.98373429213,139,1,4.009853000752628e-07,0.0,0.0,0.0,1467.351022817027,,1.2005330063402653e-10,-1.1168594937771559e-09,5.093170329928398e-11,,,
2020-07-30,israel,,,0.006296773540481878,19238.987800714087,25651.98373428661,25651.983734292116,140,1,2.551460056565702e-07,0.0,0.0,0.0,1541.4628773448794,,7.275957614183426e-11,-6.584741640836e-10,-1.4551915228366852e-11,,,
2020-07-31,israel,,,0.005993963462252313,19238.98780071413,25651.983734286205,25651.983734292156,141,1,1.6170815797522664e-07,0.0,0.0,0.0,1619.3188013578854,,4.3655745685100555e-11,-4.0381564758718014e-10,4.001776687800884e-11,,,
2020-08-01,israel,,,0.005705715435982834,19238.987800714156,25651.983734285946,25651.983734292255,142,1,1.0208532330580056e-07,0.0,0.0,0.0,1701.1079421554884,,2.546585164964199e-11,-2.582964953035116e-10,9.822542779147625e-11,,,
2020-08-02,israel,,,0.0,19238.987800715473,25651.983734308313,,143,1,6.549453246407211e-08,0.0,0.0,0.0,inf,,1.3169483281672e-09,2.236629370599985e-08,,,,
2020-08-03,israel,,,0.0,19238.987800716295,25651.983734301513,,144,1,4.23206074628979e-08,0.0,0.0,0.0,inf,,8.221832104027271e-10,-6.7993823904544115e-09,,,,
2020-08-04,israel,,,0.0,19238.98780071682,25651.983734297453,,145,1,2.771776053123176e-08,0.0,0.0,0.0,inf,,5.238689482212067e-10,-4.059984348714352e-09,,,,
2020-08-05,israel,,,0.0,19238.987800717165,25651.983734295067,,146,1,1.856460585258901e-08,0.0,0.0,0.0,inf,,3.4560798667371273e-10,-2.3865140974521637e-09,,,,
2020-08-06,israel,,,0.0,19238.987800717405,25651.983734293703,,147,1,1.2863893061876297e-08,0.0,0.0,0.0,inf,,2.4010660126805305e-10,-1.3642420526593924e-09,,,,
2020-08-07,israel,,,0.0,19238.98780071758,25651.983734292895,,148,1,9.335053618997335e-09,0.0,0.0,0.0,inf,,1.7462298274040222e-10,-8.076312951743603e-10,,,,
2020-08-08,israel,,,0.0,19238.987800717718,25651.983734292495,,149,1,7.17773218639195e-09,0.0,0.0,0.0,inf,,1.382431946694851e-10,-4.001776687800884e-10,,,,
2020-08-09,israel,,,0.0,19238.98780071783,25651.98373429224,,150,1,5.871697794646025e-09,0.0,0.0,0.0,inf,,1.127773430198431e-10,-2.546585164964199e-10,,,,
2020-08-10,israel,,,0.0,19238.98780071793,25651.98373429214,,151,1,5.09680830873549e-09,0.0,0.0,0.0,inf,,9.822542779147625e-11,-1.0186340659856796e-10,,,,
2020-08-11,israel,,,0.0,19238.987800718016,25651.98373429208,,152,1,4.649336915463209e-09,0.0,0.0,0.0,inf,,8.731149137020111e-11,-5.820766091346741e-11,,,,
2020-08-12,israel,,,0.0,19238.9878007181,25651.98373429213,,153,1,4.405592335388064e-09,0.0,0.0,0.0,inf,,8.36735125631094e-11,5.093170329928398e-11,,,,
2020-08-13,israel,,,0.0,19238.987800718176,25651.983734292116,,154,1,4.281901055946946e-09,0.0,0.0,0.0,inf,,7.639755494892597e-11,-1.4551915228366852e-11,,,,
2020-08-14,israel,,,0.0,19238.98780071825,25651.983734292156,,155,1,4.234607331454754e-09,0.0,0.0,0.0,inf,,7.275957614183426e-11,4.001776687800884e-11,,,,
2020-08-15,israel,,,0.0,19238.98780071832,25651.983734292255,,156,1,4.234607331454754e-09,0.0,0.0,0.0,inf,,7.275957614183426e-11,9.822542779147625e-11,,,,
